timestamp_local,app_temp,clouds,clouds_hi,clouds_low,clouds_mid,datetime,dewpt,dhi,dni,ghi,ozone,pod,pop,precip,pres,rh,slp,snow,snow_depth,solar_rad,temp,timestamp_utc,ts,uv,vis,weather,wind_cdir,wind_cdir_full,wind_dir,wind_gust_spd,wind_spd,PV_Power,declination_angle,altitude_angle,azimuth_angle
2023-03-17 00:00:00,30.7,21,84,0,0,2023-03-16:17,22.2,0.0,0.0,0.0,259.3,n,0,0,1010.0,71,1010.5,0,0,0.0,27.9,2023-03-16T17:00:00,1678986000,0.0,24.128,"{'code': 802, 'icon': 'c02n', 'description': 'Scattered clouds'}",S,south,190,7.63,4.98,0.0,-0.03518,-1.36333,0.0
2023-03-17 01:00:00,30.3,13,50,0,0,2023-03-16:18,22.4,0.0,0.0,0.0,258.3,n,0,0,1010.0,73,1010.5,0,0,0.0,27.6,2023-03-16T18:00:00,1678989600,0.0,24.128,"{'code': 801, 'icon': 'c02n', 'description': 'Few clouds'}",SSW,south-southwest,193,6.8,4.37,0.0,-0.03518,-1.23913,0.91794
2023-03-17 02:00:00,29.9,25,100,0,0,2023-03-16:19,22.1,0.0,0.0,0.0,257.0,n,0,0,1009.0,73,1009.5,0,0,0.0,27.4,2023-03-16T19:00:00,1678993200,0.0,24.128,"{'code': 802, 'icon': 'c02n', 'description': 'Scattered clouds'}",SSW,south-southwest,195,7.11,4.43,0.0,-0.03518,-1.01331,1.23605
2023-03-17 03:00:00,29.6,23,92,0,0,2023-03-16:20,22.2,0.0,0.0,0.0,256.5,n,0,0,1009.0,74,1009.5,0,0,0.0,27.2,2023-03-16T20:00:00,1678996800,0.0,24.128,"{'code': 802, 'icon': 'c02n', 'description': 'Scattered clouds'}",SSW,south-southwest,193,6.82,4.09,0.0,-0.03518,-0.76761,1.38114
2023-03-17 04:00:00,29.3,14,54,10,0,2023-03-16:21,22.2,0.0,0.0,0.0,257.0,n,0,0,1009.0,75,1009.5,0,0,0.0,27.0,2023-03-16T21:00:00,1679000400,0.0,24.128,"{'code': 801, 'icon': 'c02n', 'description': 'Few clouds'}",S,south,187,6.22,3.57,0.0,-0.03518,-0.51611,1.47185
2023-03-17 05:00:00,29.3,25,100,0,0,2023-03-16:22,22.4,0.0,0.0,0.0,258.0,n,0,0,1009.5,76,1010.0,0,0,0.0,26.9,2023-03-16T22:00:00,1679004000,0.0,24.128,"{'code': 802, 'icon': 'c02n', 'description': 'Scattered clouds'}",S,south,180,6.1,3.45,0.0,-0.03518,-0.26254,1.54179
2023-03-17 06:00:00,29.1,25,100,0,0,2023-03-16:23,22.3,0.0,0.0,0.0,259.8,n,0,0,1010.0,76,1010.5,0,0,0.0,26.9,2023-03-16T23:00:00,1679007600,0.0,24.128,"{'code': 802, 'icon': 'c02n', 'description': 'Scattered clouds'}",S,south,176,6.1,3.27,35.4125,-0.03518,-0.00845,1.53664
2023-03-17 07:00:00,29.8,25,100,0,0,2023-03-17:00,22.4,46.65,415.61,95.19,260.3,d,0,0,1010.5,75,1011.5,0,0,88.336494,27.2,2023-03-17T00:00:00,1679011200,1.4,24.128,"{'code': 802, 'icon': 'c02d', 'description': 'Scattered clouds'}",S,south,173,6.11,3.41,894.3154,-0.03518,0.24507,1.47137
2023-03-17 08:00:00,31.3,15,61,0,0,2023-03-17:01,21.8,82.8,710.99,347.63,260.8,d,0,0,1011.0,67,1012.0,0,0,325.76898,28.6,2023-03-17T01:00:00,1679014800,2.1,24.128,"{'code': 801, 'icon': 'c02d', 'description': 'Few clouds'}",S,south,181,5.3,3.89,1531.7964,-0.03518,0.49678,1.39447
2023-03-17 09:00:00,33.0,16,63,0,0,2023-03-17:02,20.6,103.78,839.26,600.01,261.5,d,0,0,1011.5,55,1012.5,0,0,564.86957,30.6,2023-03-17T02:00:00,1679018400,3.7,24.128,"{'code': 801, 'icon': 'c02d', 'description': 'Few clouds'}",S,south,185,4.51,3.92,3523.5237,-0.03518,0.74438,1.28983
2023-03-17 10:00:00,34.5,13,51,0,0,2023-03-17:03,19.9,117.18,908.75,814.16,262.0,d,0,0,1011.5,48,1012.0,0,0,769.37744,32.3,2023-03-17T03:00:00,1679022000,6.2,24.128,"{'code': 801, 'icon': 'c02d', 'description': 'Few clouds'}",S,south,186,3.9,3.92,4984.8999,-0.03518,0.98213,1.11962
2023-03-17 11:00:00,35.5,21,84,1,0,2023-03-17:04,19.3,125.3,946.85,967.15,261.5,d,0,0,1011.5,43,1012.0,0,0,911.6524,33.6,2023-03-17T04:00:00,1679025600,8.0,24.128,"{'code': 802, 'icon': 'c02d', 'description': 'Scattered clouds'}",S,south,184,3.42,4.04,4560.9585,-0.03518,1.19061,0.77123
2023-03-17 12:00:00,37.1,17,9,17,0,2023-03-17:05,19.6,129.06,963.54,1044.34,259.0,d,0,0,1010.5,41,1011.0,0,0,986.5852,34.8,2023-03-17T05:00:00,1679029200,9.7,24.128,"{'code': 801, 'icon': 'c02d', 'description': 'Few clouds'}",S,south,179,3.2,4.38,4374.436,-0.03518,1.29296,0.0
2023-03-17 13:00:00,37.6,54,78,54,0,2023-03-17:06,19.0,128.79,962.36,1038.66,258.0,d,0,0,1009.0,38,1009.5,0,0,868.8058,35.5,2023-03-17T06:00:00,1679032800,6.8,24.128,"{'code': 803, 'icon': 'c03d', 'description': 'Broken clouds'}",S,south,180,3.62,4.82,4167.5938,-0.03518,1.19061,-0.77123
2023-03-17 14:00:00,37.5,84,74,84,0,2023-03-17:07,18.7,124.47,943.08,950.65,258.5,d,0,0,1007.5,37,1008.0,0,0,424.6431,35.6,2023-03-17T07:00:00,1679036400,3.8,24.128,"{'code': 804, 'icon': 'c04d', 'description': 'Overcast clouds'}",S,south,176,3.5,5.39,3844.1541,-0.03518,0.98213,-1.11962
2023-03-17 15:00:00,36.4,69,26,69,0,2023-03-17:08,18.4,115.71,901.54,788.38,259.0,d,0,0,1007.0,38,1007.5,0,0,545.9962,34.8,2023-03-17T08:00:00,1679040000,3.3,24.128,"{'code': 803, 'icon': 'c03d', 'description': 'Broken clouds'}",S,south,176,3.22,5.7,3266.6851,-0.03518,0.74438,-1.28983
2023-03-17 16:00:00,35.8,0,0,0,0,2023-03-17:09,18.1,101.47,826.37,567.55,259.3,d,0,0,1006.5,38,1007.0,0,0,539.6735,34.5,2023-03-17T09:00:00,1679043600,3.8,24.128,"{'code': 800, 'icon': 'c01d', 'description': 'Clear Sky'}",S,south,184,3.61,5.2,2353.7051,-0.03518,0.49678,-1.39447
2023-03-17 17:00:00,36.1,1,5,0,0,2023-03-17:10,18.3,79.13,685.66,312.43,259.0,d,0,0,1006.0,38,1006.5,0,0,297.0914,34.7,2023-03-17T10:00:00,1679047200,2.1,24.128,"{'code': 801, 'icon': 'c02d', 'description': 'Few clouds'}",S,south,186,4.01,5.2,851.4131,-0.03518,0.24507,-1.47137
2023-03-17 18:00:00,34.4,3,10,0,0,2023-03-17:11,19.2,39.22,341.03,65.54,259.5,d,0,0,1006.5,45,1007.0,0,0,62.09026,32.7,2023-03-17T11:00:00,1679050800,1.6,24.128,"{'code': 801, 'icon': 'c02d', 'description': 'Few clouds'}",S,south,182,5.3,5.78,110.1166,-0.03518,-0.00845,-1.53664
2023-03-17 19:00:00,33.0,1,5,0,0,2023-03-17:12,20.6,0.0,0.0,0.0,259.0,n,0,0,1007.0,55,1007.5,0,0,0.0,30.7,2023-03-17T12:00:00,1679054400,0.0,24.128,"{'code': 801, 'icon': 'c02n', 'description': 'Few clouds'}",S,south,173,7.0,5.55,0.0,-0.03518,-0.26254,-1.54179
2023-03-17 20:00:00,32.4,4,15,0,0,2023-03-17:13,20.8,0.0,0.0,0.0,258.3,n,0,0,1007.5,58,1008.0,0,0,0.0,29.9,2023-03-17T13:00:00,1679058000,0.0,24.128,"{'code': 801, 'icon': 'c02n', 'description': 'Few clouds'}",SSE,south-southeast,167,7.03,4.91,0.0,-0.03518,-0.51611,-1.47185
2023-03-17 21:00:00,32.4,2,6,0,0,2023-03-17:14,21.3,0.0,0.0,0.0,258.8,n,0,0,1008.0,61,1008.5,0,0,0.0,29.7,2023-03-17T14:00:00,1679061600,0.0,24.128,"{'code': 801, 'icon': 'c02n', 'description': 'Few clouds'}",S,south,178,6.62,4.28,0.0,-0.03518,-0.76761,-1.38114
2023-03-17 22:00:00,32.0,25,99,0,0,2023-03-17:15,22.0,0.0,0.0,0.0,258.5,n,0,0,1009.0,66,1009.5,0,0,0.0,29.0,2023-03-17T15:00:00,1679065200,0.0,24.128,"{'code': 802, 'icon': 'c02n', 'description': 'Scattered clouds'}",S,south,190,6.7,4.62,0.0,-0.03518,-1.01331,-1.23605
2023-03-17 23:00:00,31.7,25,100,0,0,2023-03-17:16,22.8,0.0,0.0,0.0,258.3,n,0,0,1009.0,72,1009.5,0,0,0.0,28.4,2023-03-17T16:00:00,1679068800,0.0,24.128,"{'code': 802, 'icon': 'c02n', 'description': 'Scattered clouds'}",SSW,south-southwest,205,7.13,4.83,0.0,-0.03518,-1.23913,-0.91794
2023-03-18 00:00:00,30.9,25,100,0,0,2023-03-17:17,22.8,0.0,0.0,0.0,259.5,n,0,0,1008.5,74,1009.5,0,0,0.0,27.8,2023-03-17T17:00:00,1679072400,0.0,24.128,"{'code': 802, 'icon': 'c02n', 'description': 'Scattered clouds'}",SSW,south-southwest,210,6.91,4.63,0.0,-0.02816,-1.3563,0.0
2023-03-18 01:00:00,30.5,14,54,0,0,2023-03-17:18,22.6,0.0,0.0,0.0,260.5,n,0,0,1008.5,74,1009.0,0,0,0.0,27.7,2023-03-17T18:00:00,1679076000,0.0,24.128,"{'code': 801, 'icon': 'c02n', 'description': 'Few clouds'}",SSW,south-southwest,202,6.61,4.21,0.0,-0.02816,-1.23462,0.90151
2023-03-18 02:00:00,30.3,29,91,29,0,2023-03-17:19,22.5,0.0,0.0,0.0,259.8,n,0,0,1008.0,74,1008.5,0,0,0.0,27.6,2023-03-17T19:00:00,1679079600,0.0,24.128,"{'code': 802, 'icon': 'c02n', 'description': 'Scattered clouds'}",S,south,188,5.72,3.53,0.0,-0.02816,-1.01048,1.22392
2023-03-18 03:00:00,30.2,60,100,60,0,2023-03-17:20,22.4,0.0,0.0,0.0,258.8,n,0,0,1007.5,74,1008.0,0,0,0.0,27.5,2023-03-17T20:00:00,1679083200,0.0,24.128,"{'code': 803, 'icon': 'c03n', 'description': 'Broken clouds'}",S,south,177,5.32,3.42,0.0,-0.02816,-0.76548,1.37185
2023-03-18 04:00:00,30.6,25,100,25,0,2023-03-17:21,22.6,0.0,0.0,0.0,258.3,n,0,0,1008.0,74,1008.5,0,0,0.0,27.7,2023-03-17T21:00:00,1679086800,0.0,24.128,"{'code': 802, 'icon': 'c02n', 'description': 'Scattered clouds'}",S,south,170,5.01,3.37,0.0,-0.02816,-0.5143,1.46405
2023-03-18 05:00:00,30.2,25,100,0,0,2023-03-17:22,22.6,0.0,0.0,0.0,258.0,n,0,0,1008.0,75,1008.5,0,0,0.0,27.4,2023-03-17T22:00:00,1679090400,0.0,24.128,"{'code': 802, 'icon': 'c02n', 'description': 'Scattered clouds'}",S,south,175,5.6,3.63,0.0,-0.02816,-0.26085,1.53474
2023-03-18 06:00:00,30.1,27,100,27,0,2023-03-17:23,22.7,0.0,0.0,0.0,258.0,n,0,0,1008.5,76,1009.0,0,0,0.0,27.3,2023-03-17T23:00:00,1679094000,0.0,24.128,"{'code': 802, 'icon': 'c02n', 'description': 'Scattered clouds'}",S,south,172,6.32,3.7,64.3702,-0.02816,-0.00677,1.54346
2023-03-18 07:00:00,30.4,47,98,47,0,2023-03-18:00,22.7,47.22,421.08,97.76,257.5,d,0,0,1009.0,75,1009.5,0,0,84.787094,27.6,2023-03-18T00:00:00,1679097600,1.1,24.128,"{'code': 803, 'icon': 'c03d', 'description': 'Broken clouds'}",S,south,171,6.5,4.33,1000.9189,-0.02816,0.24687,1.47837
2023-03-18 08:00:00,31.9,56,100,56,0,2023-03-18:01,22.3,83.08,712.74,350.61,258.0,d,0,0,1010.0,68,1010.5,0,0,285.08383,28.8,2023-03-18T01:00:00,1679101200,1.4,24.128,"{'code': 803, 'icon': 'c03d', 'description': 'Broken clouds'}",S,south,175,6.21,4.75,1914.5824,-0.02816,0.49883,1.40212
2023-03-18 09:00:00,32.9,42,100,42,0,2023-03-18:02,21.2,103.94,840.01,602.89,258.3,d,0,0,1010.5,59,1011.5,0,0,537.5611,30.1,2023-03-18T02:00:00,1679104800,2.9,24.128,"{'code': 803, 'icon': 'c03d', 'description': 'Broken clouds'}",S,south,179,5.3,4.64,3034.6458,-0.02816,0.74688,1.29877
2023-03-18 10:00:00,34.6,2,6,0,0,2023-03-18:03,20.4,117.29,909.07,816.76,259.3,d,0,0,1011.0,50,1011.5,0,0,770.6679,32.2,2023-03-18T03:00:00,1679108400,6.7,24.128,"{'code': 801, 'icon': 'c02d', 'description': 'Few clouds'}",S,south,186,4.51,4.32,2697.1243,-0.02816,0.98551,1.13073
2023-03-18 11:00:00,36.4,5,20,0,0,2023-03-18:04,19.7,125.37,946.93,969.37,259.3,d,0,0,1010.0,43,1010.5,0,0,917.0804,34.1,2023-03-18T04:00:00,1679112000,9.1,24.128,"{'code': 801, 'icon': 'c02d', 'description': 'Few clouds'}",S,south,185,4.21,4.57,2967.7085,-0.02816,1.19575,0.78421
2023-03-18 12:00:00,37.4,25,100,0,0,2023-03-18:05,19.2,129.1,963.49,1046.15,258.8,d,0,0,1009.0,39,1009.5,0,0,982.7355,35.3,2023-03-18T05:00:00,1679115600,9.1,24.128,"{'code': 802, 'icon': 'c02d', 'description': 'Scattered clouds'}",S,south,182,4.0,4.78,5546.6987,-0.02816,1.29998,0.0
2023-03-18 13:00:00,37.6,25,98,2,0,2023-03-18:06,19.1,128.81,962.23,1040.07,258.0,d,0,0,1008.0,38,1008.5,0,0,977.61584,35.6,2023-03-18T06:00:00,1679119200,9.0,24.128,"{'code': 802, 'icon': 'c02d', 'description': 'Scattered clouds'}",S,south,177,3.81,5.04,4422.896,-0.02816,1.19575,-0.78421
2023-03-18 14:00:00,38.2,25,100,4,0,2023-03-18:07,19.3,124.48,942.91,951.69,257.3,d,0,0,1007.0,38,1007.5,0,0,893.96594,35.9,2023-03-18T07:00:00,1679122800,7.5,24.128,"{'code': 802, 'icon': 'c02d', 'description': 'Scattered clouds'}",S,south,180,3.8,5.4,5895.501,-0.02816,0.98551,-1.13073
2023-03-18 15:00:00,38.1,25,100,0,0,2023-03-18:08,19.3,115.71,901.36,789.13,257.0,d,0,0,1006.0,38,1006.5,0,0,741.84796,35.8,2023-03-18T08:00:00,1679126400,5.3,24.128,"{'code': 802, 'icon': 'c02d', 'description': 'Scattered clouds'}",S,south,182,3.81,5.47,3243.5544,-0.02816,0.74688,-1.29877
2023-03-18 16:00:00,37.2,25,100,0,0,2023-03-18:09,18.8,101.47,826.25,568.1,257.0,d,0,0,1005.5,38,1006.0,0,0,534.5388,35.3,2023-03-18T09:00:00,1679130000,3.2,24.128,"{'code': 802, 'icon': 'c02d', 'description': 'Scattered clouds'}",S,south,184,3.83,5.08,2504.5027,-0.02816,0.49883,-1.40212
2023-03-18 17:00:00,36.2,22,88,0,0,2023-03-18:10,18.6,79.15,685.73,312.86,257.0,d,0,0,1005.5,39,1006.0,0,0,295.54657,34.6,2023-03-18T10:00:00,1679133600,1.8,24.128,"{'code': 802, 'icon': 'c02d', 'description': 'Scattered clouds'}",S,south,183,4.71,5.35,818.7416,-0.02816,0.24687,-1.47837
2023-03-18 18:00:00,34.9,25,100,0,0,2023-03-18:11,19.2,39.31,341.92,65.88,257.5,d,0,0,1006.0,44,1007.0,0,0,61.896263,33.1,2023-03-18T11:00:00,1679137200,1.4,24.128,"{'code': 802, 'icon': 'c02d', 'description': 'Scattered clouds'}",S,south,183,5.3,5.35,46.8648,-0.02816,-0.00677,-1.54346
2023-03-18 19:00:00,33.5,24,96,0,0,2023-03-18:12,20.4,0.0,0.0,0.0,257.5,n,0,0,1007.0,53,1007.5,0,0,0.0,31.2,2023-03-18T12:00:00,1679140800,0.0,24.128,"{'code': 802, 'icon': 'c02n', 'description': 'Scattered clouds'}",S,south,180,6.1,4.81,0.0,-0.02816,-0.26085,-1.53474
2023-03-18 20:00:00,33.0,22,89,0,0,2023-03-18:13,21.1,0.0,0.0,0.0,258.3,n,0,0,1007.5,58,1008.0,0,0,0.0,30.3,2023-03-18T13:00:00,1679144400,0.0,24.128,"{'code': 802, 'icon': 'c02n', 'description': 'Scattered clouds'}",S,south,184,6.93,5.06,0.0,-0.02816,-0.5143,-1.46405
2023-03-18 21:00:00,32.2,7,26,0,0,2023-03-18:14,21.6,0.0,0.0,0.0,257.5,n,0,0,1008.0,63,1008.5,0,0,0.0,29.4,2023-03-18T14:00:00,1679148000,0.0,24.128,"{'code': 801, 'icon': 'c02n', 'description': 'Few clouds'}",S,south,191,8.21,6.03,0.0,-0.02816,-0.76548,-1.37185
2023-03-18 22:00:00,32.0,0,0,0,0,2023-03-18:15,22.3,0.0,0.0,0.0,256.5,n,0,0,1008.5,68,1009.0,0,0,0.0,28.8,2023-03-18T15:00:00,1679151600,0.0,24.128,"{'code': 800, 'icon': 'c01n', 'description': 'Clear Sky'}",SSW,south-southwest,192,9.41,6.38,0.0,-0.02816,-1.01048,-1.22392
2023-03-18 23:00:00,31.4,2,10,0,0,2023-03-18:16,22.5,0.0,0.0,0.0,255.9,n,0,0,1009.0,71,1009.5,0,0,0.0,28.3,2023-03-18T16:00:00,1679155200,0.0,24.128,"{'code': 801, 'icon': 'c02n', 'description': 'Few clouds'}",S,south,191,7.42,4.86,0.0,-0.02816,-1.23462,-0.90151
2023-03-19 00:00:00,30.9,7,28,0,0,2023-03-18:17,22.6,0.0,0.0,0.0,255.9,n,0,0,1009.5,73,1010.0,0,0,0.0,27.9,2023-03-18T17:00:00,1679158800,0.0,24.128,"{'code': 801, 'icon': 'c02n', 'description': 'Few clouds'}",SSW,south-southwest,200,5.71,3.69,0.0,-0.02113,-1.34927,0.0
2023-03-19 01:00:00,30.9,7,5,7,0,2023-03-18:18,22.8,0.0,0.0,0.0,256.0,n,0,0,1008.5,74,1009.5,0,0,0.0,27.9,2023-03-18T18:00:00,1679162400,0.0,24.128,"{'code': 801, 'icon': 'c02n', 'description': 'Few clouds'}",SSW,south-southwest,192,6.11,4.08,0.0,-0.02113,-1.23002,0.88548
2023-03-19 02:00:00,30.5,1,3,0,0,2023-03-18:19,22.6,0.0,0.0,0.0,256.5,n,0,0,1008.0,74,1008.5,0,0,0.0,27.7,2023-03-18T19:00:00,1679166000,0.0,24.128,"{'code': 800, 'icon': 'c01n', 'description': 'Clear Sky'}",S,south,191,6.4,4.21,0.0,-0.02113,-1.00758,1.21189
2023-03-19 03:00:00,30.4,1,2,0,0,2023-03-18:20,22.7,0.0,0.0,0.0,257.8,n,0,0,1007.0,75,1007.5,0,0,0.0,27.6,2023-03-18T20:00:00,1679169600,0.0,24.128,"{'code': 800, 'icon': 'c01n', 'description': 'Clear Sky'}",SSW,south-southwest,196,6.5,3.94,0.0,-0.02113,-0.76331,1.36259
2023-03-19 04:00:00,29.9,0,0,0,0,2023-03-18:21,22.6,0.0,0.0,0.0,258.0,n,0,0,1007.0,76,1008.0,0,0,0.0,27.2,2023-03-18T21:00:00,1679173200,0.0,24.128,"{'code': 800, 'icon': 'c01n', 'description': 'Clear Sky'}",SSW,south-southwest,196,6.1,3.28,0.0,-0.02113,-0.51246,1.45626
2023-03-19 05:00:00,29.7,1,3,0,0,2023-03-18:22,22.7,0.0,0.0,0.0,257.3,n,0,0,1008.0,77,1008.5,0,0,0.0,27.1,2023-03-18T22:00:00,1679176800,0.0,24.128,"{'code': 800, 'icon': 'c01n', 'description': 'Clear Sky'}",S,south,177,5.62,3.21,0.0,-0.02113,-0.25915,1.52768
2023-03-19 06:00:00,29.7,0,0,0,0,2023-03-18:23,22.7,0.0,0.0,0.0,258.5,n,0,0,1008.5,77,1009.0,0,0,0.0,27.1,2023-03-18T23:00:00,1679180400,0.0,24.128,"{'code': 800, 'icon': 'c01n', 'description': 'Clear Sky'}",S,south,171,5.71,3.42,27.4573,-0.02113,-0.00508,1.55029
2023-03-19 07:00:00,30.5,0,0,0,0,2023-03-19:00,22.9,47.77,426.46,100.35,258.5,d,0,0,1009.0,76,1009.5,0,0,93.73238,27.6,2023-03-19T00:00:00,1679184000,1.7,24.128,"{'code': 800, 'icon': 'c01d', 'description': 'Clear Sky'}",S,south,174,5.6,3.41,977.8589,-0.02113,0.24866,1.48539
2023-03-19 08:00:00,32.5,7,27,0,0,2023-03-19:01,22.4,83.34,714.46,353.57,257.8,d,0,0,1010.0,67,1010.5,0,0,331.04352,29.2,2023-03-19T01:00:00,1679187600,2.2,24.128,"{'code': 801, 'icon': 'c02d', 'description': 'Few clouds'}",S,south,174,6.31,5.02,2260.4319,-0.02113,0.50085,1.40979
2023-03-19 09:00:00,34.0,1,5,0,0,2023-03-19:02,21.3,104.1,840.75,605.74,257.0,d,0,0,1010.5,56,1011.0,0,0,569.53546,31.1,2023-03-19T02:00:00,1679191200,4.2,24.128,"{'code': 801, 'icon': 'c02d', 'description': 'Few clouds'}",S,south,178,5.91,5.31,3119.4272,-0.02113,0.74935,1.30775
2023-03-19 10:00:00,35.5,3,11,0,0,2023-03-19:03,20.2,117.39,909.37,819.31,256.3,d,0,0,1010.5,47,1011.0,0,0,773.6774,33.0,2023-03-19T03:00:00,1679194800,6.7,24.128,"{'code': 801, 'icon': 'c02d', 'description': 'Few clouds'}",S,south,182,5.42,5.17,4588.0459,-0.02113,0.98884,1.14197
2023-03-19 11:00:00,36.8,0,1,0,0,2023-03-19:04,19.7,125.43,947.0,971.55,256.3,d,0,0,1010.0,42,1010.5,0,0,919.3339,34.4,2023-03-19T04:00:00,1679198400,9.5,24.128,"{'code': 800, 'icon': 'c01d', 'description': 'Clear Sky'}",S,south,185,5.0,5.52,5366.1562,-0.02113,1.20084,0.79755
2023-03-19 12:00:00,37.7,0,2,0,0,2023-03-19:05,19.6,129.13,963.42,1047.91,255.1,d,0,0,1009.0,40,1009.5,0,0,992.18866,35.3,2023-03-19T05:00:00,1679202000,11.0,24.128,"{'code': 800, 'icon': 'c01d', 'description': 'Clear Sky'}",S,south,189,4.82,5.75,5357.958,-0.02113,1.30702,0.0
2023-03-19 13:00:00,37.9,1,5,0,0,2023-03-19:06,19.2,128.83,962.08,1041.42,254.4,d,0,0,1007.5,38,1008.0,0,0,987.0835,35.7,2023-03-19T06:00:00,1679205600,10.8,24.128,"{'code': 801, 'icon': 'c02d', 'description': 'Few clouds'}",S,south,185,4.7,5.77,6342.0264,-0.02113,1.20084,-0.79755
2023-03-19 14:00:00,37.8,4,14,0,0,2023-03-19:07,19.1,124.49,942.72,952.67,254.3,d,0,0,1006.5,38,1007.0,0,0,903.52747,35.6,2023-03-19T07:00:00,1679209200,9.3,24.128,"{'code': 801, 'icon': 'c02d', 'description': 'Few clouds'}",S,south,185,4.94,5.9,4015.3027,-0.02113,0.98884,-1.14197
2023-03-19 15:00:00,37.4,6,24,0,0,2023-03-19:08,18.6,115.71,901.17,789.82,254.2,d,0,0,1005.5,37,1006.0,0,0,749.50934,35.6,2023-03-19T08:00:00,1679212800,6.5,24.128,"{'code': 801, 'icon': 'c02d', 'description': 'Few clouds'}",S,south,185,5.19,6.04,3055.8667,-0.02113,0.74935,-1.30775
2023-03-19 16:00:00,37.3,8,34,0,0,2023-03-19:09,18.6,101.47,826.11,568.59,254.1,d,0,0,1004.5,37,1005.0,0,0,539.8302,35.5,2023-03-19T09:00:00,1679216400,3.6,24.128,"{'code': 801, 'icon': 'c02d', 'description': 'Few clouds'}",S,south,185,5.43,6.17,2758.2466,-0.02113,0.50085,-1.40979
2023-03-19 17:00:00,35.9,14,56,0,0,2023-03-19:10,19.2,79.17,685.77,313.26,254.5,d,0,0,1005.0,42,1005.5,0,0,296.32037,34.0,2023-03-19T10:00:00,1679220000,2.3,24.128,"{'code': 801, 'icon': 'c02d', 'description': 'Few clouds'}",S,south,182,6.29,6.15,768.9666,-0.02113,0.24866,-1.48539
2023-03-19 18:00:00,34.6,19,78,0,0,2023-03-19:11,20.0,39.38,342.75,66.2,254.9,d,0,0,1005.5,48,1006.0,0,0,62.347683,32.4,2023-03-19T11:00:00,1679223600,1.8,24.128,"{'code': 801, 'icon': 'c02d', 'description': 'Few clouds'}",S,south,179,7.14,6.13,102.9055,-0.02113,-0.00508,-1.55029
2023-03-19 19:00:00,33.0,25,100,0,0,2023-03-19:12,20.1,0.0,0.0,0.0,255.3,n,0,0,1006.0,53,1006.5,0,0,0.0,30.8,2023-03-19T12:00:00,1679227200,0.0,24.128,"{'code': 802, 'icon': 'c02n', 'description': 'Scattered clouds'}",S,south,176,8.0,6.11,0.0,-0.02113,-0.25915,-1.52768
2023-03-19 20:00:00,32.8,17,67,0,0,2023-03-19:13,21.0,0.0,0.0,0.0,255.1,n,0,0,1006.8,58,1007.3,0,0,0.0,30.2,2023-03-19T13:00:00,1679230800,0.0,24.128,"{'code': 801, 'icon': 'c02n', 'description': 'Few clouds'}",S,south,180,8.11,5.78,0.0,-0.02113,-0.51246,-1.45626
2023-03-19 21:00:00,32.6,8,33,0,0,2023-03-19:14,21.8,0.0,0.0,0.0,255.0,n,0,0,1007.7,63,1008.2,0,0,0.0,29.6,2023-03-19T14:00:00,1679234400,0.0,24.128,"{'code': 801, 'icon': 'c02n', 'description': 'Few clouds'}",S,south,183,8.21,5.46,0.0,-0.02113,-0.76331,-1.36259
2023-03-19 22:00:00,32.2,0,0,0,0,2023-03-19:15,22.4,0.0,0.0,0.0,254.9,n,0,0,1008.5,68,1009.0,0,0,0.0,28.9,2023-03-19T15:00:00,1679238000,0.0,24.128,"{'code': 800, 'icon': 'c01n', 'description': 'Clear Sky'}",S,south,186,8.32,5.13,0.0,-0.02113,-1.00758,-1.21189
2023-03-19 23:00:00,32.0,1,0,0,1,2023-03-19:16,22.5,0.0,0.0,0.0,255.2,n,0,0,1008.3,69,1008.8,0,0,0.0,28.7,2023-03-19T16:00:00,1679241600,0.0,24.128,"{'code': 800, 'icon': 'c01n', 'description': 'Clear Sky'}",S,south,181,7.55,4.68,0.0,-0.02113,-1.23002,-0.88548
2023-03-20 00:00:00,31.8,1,0,0,1,2023-03-19:17,22.5,0.0,0.0,0.0,255.5,n,0,0,1008.2,70,1008.7,0,0,0.0,28.5,2023-03-19T17:00:00,1679245200,0.0,24.128,"{'code': 801, 'icon': 'c02n', 'description': 'Few clouds'}",S,south,176,6.79,4.22,0.0,-0.01409,-1.34223,0.0
2023-03-20 01:00:00,31.5,2,0,0,2,2023-03-19:18,22.6,0.0,0.0,0.0,255.9,n,0,0,1008.0,71,1008.5,0,0,0.0,28.3,2023-03-19T18:00:00,1679248800,0.0,24.128,"{'code': 801, 'icon': 'c02n', 'description': 'Few clouds'}",S,south,171,6.02,3.77,0.0,-0.01409,-1.22534,0.86986
2023-03-20 02:00:00,31.3,3,8,0,1,2023-03-19:19,22.8,0.0,0.0,0.0,256.2,n,0,0,1007.7,73,1008.2,0,0,0.0,28.1,2023-03-19T19:00:00,1679252400,0.0,24.128,"{'code': 801, 'icon': 'c02n', 'description': 'Few clouds'}",S,south,173,6.36,3.86,0.0,-0.01409,-1.00462,1.19996
2023-03-20 03:00:00,31.1,4,16,0,1,2023-03-19:20,23.0,0.0,0.0,0.0,256.5,n,0,0,1007.3,75,1007.8,0,0,0.0,27.9,2023-03-19T20:00:00,1679256000,0.0,24.128,"{'code': 801, 'icon': 'c02n', 'description': 'Few clouds'}",S,south,174,6.69,3.94,0.0,-0.01409,-0.76109,1.35335
2023-03-20 04:00:00,30.7,6,24,0,0,2023-03-19:21,23.0,0.0,0.0,0.0,256.8,n,0,0,1007.0,76,1007.5,0,0,0.0,27.7,2023-03-19T21:00:00,1679259600,0.0,24.128,"{'code': 801, 'icon': 'c02n', 'description': 'Few clouds'}",S,south,176,7.03,4.03,0.0,-0.01409,-0.51059,1.44848
2023-03-20 05:00:00,30.7,7,30,0,0,2023-03-19:22,23.0,0.0,0.0,0.0,256.9,n,0,0,1007.5,76,1008.0,0,0,0.0,27.6,2023-03-19T22:00:00,1679263200,0.0,24.128,"{'code': 801, 'icon': 'c02n', 'description': 'Few clouds'}",S,south,181,7.25,4.13,0.0,-0.01409,-0.25743,1.52061
2023-03-20 06:00:00,30.7,9,36,0,0,2023-03-19:23,23.0,0.0,0.0,0.0,257.1,n,0,0,1008.0,76,1008.5,0,0,0.0,27.6,2023-03-19T23:00:00,1679266800,0.0,24.128,"{'code': 801, 'icon': 'c02n', 'description': 'Few clouds'}",S,south,187,7.48,4.23,80.6064,-0.01409,-0.00338,1.55712
2023-03-20 07:00:00,30.8,11,42,0,0,2023-03-20:00,23.2,48.32,431.75,102.96,257.3,d,0,0,1008.5,77,1009.0,0,0,96.01602,27.6,2023-03-20T00:00:00,1679270400,1.5,24.128,"{'code': 801, 'icon': 'c02d', 'description': 'Few clouds'}",SSW,south-southwest,192,7.71,4.33,1118.8284,-0.01409,0.25044,1.49242
2023-03-20 08:00:00,33.1,7,30,0,0,2023-03-20:01,22.5,83.61,716.15,356.53,257.3,d,0,0,1008.7,66,1009.3,0,0,333.41052,29.5,2023-03-20T01:00:00,1679274000,2.5,24.128,"{'code': 801, 'icon': 'c02d', 'description': 'Few clouds'}",SSW,south-southwest,192,6.54,4.16,2884.77,-0.01409,0.50284,1.41749
2023-03-20 09:00:00,34.8,4,17,0,0,2023-03-20:02,21.6,104.26,841.47,608.56,257.3,d,0,0,1008.8,56,1009.7,0,0,571.45734,31.4,2023-03-20T02:00:00,1679277600,4.3,24.128,"{'code': 801, 'icon': 'c02d', 'description': 'Few clouds'}",S,south,191,5.37,3.99,4208.4644,-0.01409,0.75178,1.31678
2023-03-20 10:00:00,35.8,1,4,0,0,2023-03-20:03,20.1,117.49,909.66,821.83,257.3,d,0,0,1009.0,46,1010.0,0,0,776.2692,33.3,2023-03-20T03:00:00,1679281200,6.9,24.128,"{'code': 801, 'icon': 'c02d', 'description': 'Few clouds'}",S,south,190,4.2,3.82,4886.2271,-0.01409,0.99212,1.15334
2023-03-20 11:00:00,37.1,1,4,0,0,2023-03-20:04,19.8,125.5,947.06,973.66,256.6,d,0,0,1008.0,42,1008.8,0,0,921.13293,34.6,2023-03-20T04:00:00,1679284800,9.7,24.128,"{'code': 801, 'icon': 'c02d', 'description': 'Few clouds'}",S,south,186,4.2,4.25,5588.4717,-0.01409,1.20587,0.81126
2023-03-20 12:00:00,38.0,1,5,0,0,2023-03-20:05,18.9,129.17,963.33,1049.6,255.9,d,0,0,1007.0,37,1007.7,0,0,995.109,35.9,2023-03-20T05:00:00,1679288400,11.2,24.128,"{'code': 801, 'icon': 'c02d', 'description': 'Few clouds'}",S,south,181,4.21,4.69,5546.7466,-0.01409,1.31406,0.0
2023-03-20 13:00:00,39.0,1,5,0,0,2023-03-20:06,18.2,128.84,961.91,1042.69,255.3,d,0,0,1006.0,33,1006.5,0,0,991.30566,37.2,2023-03-20T06:00:00,1679292000,10.9,24.128,"{'code': 801, 'icon': 'c02d', 'description': 'Few clouds'}",S,south,177,4.21,5.13,4549.189,-0.01409,1.20587,-0.81126
2023-03-20 14:00:00,39.1,1,3,0,0,2023-03-20:07,18.6,124.49,942.51,953.58,254.6,d,0,0,1005.0,34,1005.5,0,0,906.5112,37.0,2023-03-20T07:00:00,1679295600,9.3,24.128,"{'code': 800, 'icon': 'c01d', 'description': 'Clear Sky'}",S,south,173,4.14,5.63,4324.9624,-0.01409,0.99212,-1.15334
2023-03-20 15:00:00,38.8,0,2,0,0,2023-03-20:08,18.4,115.71,900.95,790.45,254.0,d,0,0,1004.0,34,1004.5,0,0,751.37445,36.9,2023-03-20T08:00:00,1679299200,6.6,24.128,"{'code': 800, 'icon': 'c01d', 'description': 'Clear Sky'}",S,south,170,4.08,6.14,4472.6719,-0.01409,0.75178,-1.31678
2023-03-20 16:00:00,38.5,0,0,0,0,2023-03-20:09,18.3,101.47,825.95,569.04,253.4,d,0,0,1003.0,34,1003.5,0,0,540.87024,36.7,2023-03-20T09:00:00,1679302800,3.9,24.128,"{'code': 800, 'icon': 'c01d', 'description': 'Clear Sky'}",SSE,south-southeast,166,4.02,6.65,2591.6443,-0.01409,0.50284,-1.41749
2023-03-20 17:00:00,37.1,0,0,0,0,2023-03-20:10,19.8,79.18,685.78,313.62,254.0,d,0,0,1003.3,42,1004.0,0,0,296.7195,34.6,2023-03-20T10:00:00,1679306400,2.3,24.128,"{'code': 800, 'icon': 'c01d', 'description': 'Clear Sky'}",S,south,176,5.88,6.99,701.7004,-0.01409,0.25044,-1.49242
2023-03-20 18:00:00,35.0,0,0,0,0,2023-03-20:11,20.4,39.46,343.55,66.5,254.5,d,0,0,1003.7,49,1004.5,0,0,62.73247,32.5,2023-03-20T11:00:00,1679310000,1.8,24.128,"{'code': 800, 'icon': 'c01d', 'description': 'Clear Sky'}",S,south,185,7.75,7.33,32.753,-0.01409,-0.00338,-1.55712
2023-03-20 19:00:00,33.0,0,0,0,0,2023-03-20:12,20.9,0.0,0.0,0.0,255.1,n,0,0,1004.0,57,1005.0,0,0,0.0,30.4,2023-03-20T12:00:00,1679313600,0.0,24.128,"{'code': 800, 'icon': 'c01n', 'description': 'Clear Sky'}",SSW,south-southwest,194,9.62,7.67,0.0,-0.01409,-0.25743,-1.52061
2023-03-20 20:00:00,32.8,0,1,0,0,2023-03-20:13,21.4,0.0,0.0,0.0,254.6,n,0,0,1004.8,60,1005.7,0,0,0.0,30.0,2023-03-20T13:00:00,1679317200,0.0,24.128,"{'code': 800, 'icon': 'c01n', 'description': 'Clear Sky'}",S,south,190,9.68,7.23,0.0,-0.01409,-0.51059,-1.44848
2023-03-20 21:00:00,32.4,0,2,0,0,2023-03-20:14,21.5,0.0,0.0,0.0,254.1,n,0,0,1005.7,62,1006.3,0,0,0.0,29.6,2023-03-20T14:00:00,1679320800,0.0,24.128,"{'code': 800, 'icon': 'c01n', 'description': 'Clear Sky'}",S,south,186,9.74,6.8,0.0,-0.01409,-0.76109,-1.35335
2023-03-20 22:00:00,32.2,1,3,0,0,2023-03-20:15,21.9,0.0,0.0,0.0,253.6,n,0,0,1006.5,65,1007.0,0,0,0.0,29.2,2023-03-20T15:00:00,1679324400,0.0,24.128,"{'code': 800, 'icon': 'c01n', 'description': 'Clear Sky'}",S,south,182,9.8,6.36,0.0,-0.01409,-1.00462,-1.19996
2023-03-20 23:00:00,32.2,0,2,0,0,2023-03-20:16,22.3,0.0,0.0,0.0,253.0,n,0,0,1006.2,67,1006.8,0,0,0.0,29.0,2023-03-20T16:00:00,1679328000,0.0,24.128,"{'code': 800, 'icon': 'c01n', 'description': 'Clear Sky'}",S,south,181,9.3,5.91,0.0,-0.01409,-1.22534,-0.86986
2023-03-21 00:00:00,32.2,0,1,0,0,2023-03-20:17,22.6,0.0,0.0,0.0,252.4,n,0,0,1005.8,69,1006.7,0,0,0.0,28.9,2023-03-20T17:00:00,1679331600,0.0,24.128,"{'code': 800, 'icon': 'c01n', 'description': 'Clear Sky'}",S,south,181,8.8,5.47,0.0,-0.00705,-1.33519,0.0
2023-03-21 01:00:00,32.2,0,0,0,0,2023-03-20:18,22.9,0.0,0.0,0.0,251.8,n,0,0,1005.5,71,1006.5,0,0,0.0,28.7,2023-03-20T18:00:00,1679335200,0.0,24.128,"{'code': 800, 'icon': 'c01n', 'description': 'Clear Sky'}",S,south,180,8.3,5.02,0.0,-0.00705,-1.22058,0.85463
2023-03-21 02:00:00,32.0,1,3,0,0,2023-03-20:19,23.1,0.0,0.0,0.0,252.1,n,0,0,1005.3,73,1006.2,0,0,0.0,28.4,2023-03-20T19:00:00,1679338800,0.0,24.128,"{'code': 800, 'icon': 'c01n', 'description': 'Clear Sky'}",S,south,179,8.17,4.89,0.0,-0.00705,-1.00158,1.18814
2023-03-21 03:00:00,31.8,2,6,0,0,2023-03-20:20,23.4,0.0,0.0,0.0,252.4,n,0,0,1005.2,75,1005.8,0,0,0.0,28.2,2023-03-20T20:00:00,1679342400,0.0,24.128,"{'code': 801, 'icon': 'c02n', 'description': 'Few clouds'}",S,south,178,8.03,4.75,0.0,-0.00705,-0.75882,1.34415
2023-03-21 04:00:00,31.6,2,9,0,0,2023-03-20:21,23.6,0.0,0.0,0.0,252.8,n,0,0,1005.0,77,1005.5,0,0,0.0,28.0,2023-03-20T21:00:00,1679346000,0.0,24.128,"{'code': 801, 'icon': 'c02n', 'description': 'Few clouds'}",S,south,176,7.9,4.62,0.0,-0.00705,-0.50869,1.44071
2023-03-21 05:00:00,31.5,2,8,0,0,2023-03-20:22,23.4,0.0,0.0,0.0,253.0,n,0,0,1005.5,76,1006.0,0,0,0.0,28.0,2023-03-20T22:00:00,1679349600,0.0,24.128,"{'code': 801, 'icon': 'c02n', 'description': 'Few clouds'}",S,south,178,7.13,4.33,0.0,-0.00705,-0.2557,1.51356
2023-03-21 06:00:00,31.3,2,6,0,0,2023-03-20:23,23.1,0.0,0.0,0.0,253.3,n,0,0,1006.0,75,1006.5,0,0,0.0,28.0,2023-03-20T23:00:00,1679353200,0.0,24.128,"{'code': 801, 'icon': 'c02n', 'description': 'Few clouds'}",S,south,179,6.37,4.05,84.792,-0.00705,-0.00169,1.56396
2023-03-21 07:00:00,31.2,1,5,0,0,2023-03-21:00,22.9,48.87,436.94,105.57,253.5,d,0,0,1006.5,74,1007.0,0,0,98.59105,28.0,2023-03-21T00:00:00,1679356800,1.7,24.128,"{'code': 801, 'icon': 'c02d', 'description': 'Few clouds'}",S,south,181,5.6,3.76,1114.6241,-0.00705,0.2522,1.49946
2023-03-21 08:00:00,33.1,9,37,0,0,2023-03-21:01,22.0,83.87,717.82,359.47,253.5,d,0,0,1007.0,63,1007.5,0,0,336.94522,29.9,2023-03-21T01:00:00,1679360400,2.5,24.128,"{'code': 801, 'icon': 'c02d', 'description': 'Few clouds'}",S,south,189,4.84,3.52,2721.396,-0.00705,0.50482,1.42521
2023-03-21 09:00:00,34.3,17,68,0,0,2023-03-21:02,20.6,104.42,842.17,611.35,253.4,d,0,0,1007.5,52,1008.0,0,0,575.1791,31.7,2023-03-21T02:00:00,1679364000,4.4,24.128,"{'code': 801, 'icon': 'c02d', 'description': 'Few clouds'}",SSW,south-southwest,198,4.08,3.28,4380.7563,-0.00705,0.75417,1.32586
2023-03-21 10:00:00,34.7,25,100,0,0,2023-03-21:03,18.1,117.59,909.93,824.3,253.4,d,0,0,1008.0,40,1008.5,0,0,776.85175,33.6,2023-03-21T03:00:00,1679367600,5.8,24.128,"{'code': 802, 'icon': 'c02d', 'description': 'Scattered clouds'}",SSW,south-southwest,206,3.32,3.04,5712.8101,-0.00705,0.99533,1.16482
2023-03-21 11:00:00,36.2,17,68,0,0,2023-03-21:04,17.4,125.55,947.09,975.72,253.3,d,0,0,1006.8,35,1007.3,0,0,927.42975,35.2,2023-03-21T04:00:00,1679371200,9.7,24.128,"{'code': 801, 'icon': 'c02d', 'description': 'Few clouds'}",SSW,south-southwest,200,3.32,3.11,5085.1904,-0.00705,1.21084,0.82533
2023-03-21 12:00:00,37.5,9,36,0,0,2023-03-21:05,16.4,129.2,963.23,1051.22,253.1,d,0,0,1005.7,30,1006.2,0,0,1004.4232,36.8,2023-03-21T05:00:00,1679374800,11.3,24.128,"{'code': 801, 'icon': 'c02d', 'description': 'Few clouds'}",SSW,south-southwest,193,3.33,3.19,5649.8047,-0.00705,1.3211,0.0
2023-03-21 13:00:00,38.6,1,4,0,0,2023-03-21:06,14.9,128.85,961.73,1043.9,253.0,d,0,0,1004.5,25,1005.0,0,0,1001.9139,38.5,2023-03-21T06:00:00,1679378400,10.9,24.128,"{'code': 801, 'icon': 'c02d', 'description': 'Few clouds'}",S,south,186,3.34,3.26,5457.6475,-0.00705,1.21084,-0.82533
2023-03-21 14:00:00,39.0,3,4,2,0,2023-03-21:07,15.1,124.49,942.28,954.43,253.0,d,0,0,1003.3,25,1003.8,0,0,915.6436,38.7,2023-03-21T07:00:00,1679382000,9.3,24.128,"{'code': 801, 'icon': 'c02d', 'description': 'Few clouds'}",S,south,182,4.16,4.39,5594.3335,-0.00705,0.99533,-1.16482
2023-03-21 15:00:00,39.3,5,5,5,0,2023-03-21:08,15.3,115.7,900.72,791.03,252.9,d,0,0,1002.2,25,1002.7,0,0,758.5296,38.9,2023-03-21T08:00:00,1679385600,6.6,24.128,"{'code': 801, 'icon': 'c02d', 'description': 'Few clouds'}",S,south,177,4.98,5.53,4440.4771,-0.00705,0.75417,-1.32586
2023-03-21 16:00:00,39.6,7,5,7,0,2023-03-21:09,15.5,101.46,825.77,569.44,252.9,d,0,0,1001.0,25,1001.5,0,0,545.7559,39.1,2023-03-21T09:00:00,1679389200,3.7,24.128,"{'code': 801, 'icon': 'c02d', 'description': 'Few clouds'}",S,south,172,5.8,6.67,2755.6626,-0.00705,0.50482,-1.42521
2023-03-21 17:00:00,38.1,5,5,5,0,2023-03-21:10,17.4,79.19,685.77,313.95,253.5,d,0,0,1001.7,32,1002.2,0,0,299.356,36.9,2023-03-21T10:00:00,1679392800,2.3,24.128,"{'code': 801, 'icon': 'c02d', 'description': 'Few clouds'}",S,south,179,7.01,7.14,884.5627,-0.00705,0.2522,-1.49946
2023-03-21 18:00:00,36.0,3,5,2,0,2023-03-21:11,18.2,39.53,344.3,66.8,254.1,d,0,0,1002.3,38,1002.8,0,0,63.481976,34.6,2023-03-21T11:00:00,1679396400,1.8,24.128,"{'code': 801, 'icon': 'c02d', 'description': 'Few clouds'}",S,south,186,8.22,7.62,41.2675,-0.00705,-0.00169,-1.56396
2023-03-21 19:00:00,33.8,1,5,0,0,2023-03-21:12,18.9,0.0,0.0,0.0,254.8,n,0,0,1003.0,45,1003.5,0,0,0.0,32.3,2023-03-21T12:00:00,1679400000,0.0,24.128,"{'code': 801, 'icon': 'c02n', 'description': 'Few clouds'}",SSW,south-southwest,193,9.42,8.1,0.0,-0.00705,-0.2557,-1.51356
2023-03-21 20:00:00,33.6,2,5,0,2,2023-03-21:13,20.1,0.0,0.0,0.0,254.3,n,0,0,1003.8,51,1004.5,0,0,0.0,31.5,2023-03-21T13:00:00,1679403600,0.0,24.128,"{'code': 801, 'icon': 'c02n', 'description': 'Few clouds'}",S,south,190,9.85,7.66,0.0,-0.00705,-0.50869,-1.44071
2023-03-21 21:00:00,33.4,4,5,0,3,2023-03-21:14,21.1,0.0,0.0,0.0,253.9,n,0,0,1004.7,57,1005.5,0,0,0.0,30.6,2023-03-21T14:00:00,1679407200,0.0,24.128,"{'code': 801, 'icon': 'c02n', 'description': 'Few clouds'}",S,south,188,10.28,7.23,0.0,-0.00705,-0.75882,-1.34415
2023-03-21 22:00:00,32.9,5,5,0,5,2023-03-21:15,21.9,0.0,0.0,0.0,253.5,n,0,0,1005.5,63,1006.5,0,0,0.0,29.7,2023-03-21T15:00:00,1679410800,0.0,24.128,"{'code': 801, 'icon': 'c02n', 'description': 'Few clouds'}",S,south,185,10.7,6.79,0.0,-0.00705,-1.00158,-1.18814
2023-03-21 23:00:00,32.9,4,8,0,4,2023-03-21:16,22.4,0.0,0.0,0.0,252.9,n,0,0,1005.5,66,1006.3,0,0,0.0,29.4,2023-03-21T16:00:00,1679414400,0.0,24.128,"{'code': 801, 'icon': 'c02n', 'description': 'Few clouds'}",S,south,184,10.17,6.43,0.0,-0.00705,-1.22058,-0.85463
2023-03-22 00:00:00,32.6,4,10,0,4,2023-03-21:17,22.6,0.0,0.0,0.0,252.3,n,0,0,1005.5,68,1006.2,0,0,0.0,29.1,2023-03-21T17:00:00,1679418000,0.0,24.128,"{'code': 801, 'icon': 'c02n', 'description': 'Few clouds'}",S,south,183,9.65,6.07,0.0,0.0,-1.32814,0.0
2023-03-22 01:00:00,32.5,3,13,0,3,2023-03-21:18,23.0,0.0,0.0,0.0,251.6,n,0,0,1005.5,71,1006.0,0,0,0.0,28.8,2023-03-21T18:00:00,1679421600,0.0,24.128,"{'code': 801, 'icon': 'c02n', 'description': 'Few clouds'}",S,south,182,9.12,5.7,0.0,0.0,-1.21574,0.83979
2023-03-22 02:00:00,32.2,3,9,0,3,2023-03-21:19,23.1,0.0,0.0,0.0,252.0,n,0,0,1005.2,72,1005.8,0,0,0.0,28.6,2023-03-21T19:00:00,1679425200,0.0,24.128,"{'code': 801, 'icon': 'c02n', 'description': 'Few clouds'}",S,south,179,8.52,5.39,0.0,0.0,-0.99849,1.17642
2023-03-22 03:00:00,32.1,3,4,0,3,2023-03-21:20,23.3,0.0,0.0,0.0,252.5,n,0,0,1004.8,74,1005.7,0,0,0.0,28.4,2023-03-21T20:00:00,1679428800,0.0,24.128,"{'code': 801, 'icon': 'c02n', 'description': 'Few clouds'}",S,south,176,7.92,5.08,0.0,0.0,-0.75652,1.33499
2023-03-22 04:00:00,32.0,3,0,0,3,2023-03-21:21,23.6,0.0,0.0,0.0,252.9,n,0,0,1004.5,76,1005.5,0,0,0.0,28.2,2023-03-21T21:00:00,1679432400,0.0,24.128,"{'code': 801, 'icon': 'c02n', 'description': 'Few clouds'}",S,south,173,7.32,4.77,0.0,0.0,-0.50677,1.43295
2023-03-22 05:00:00,31.9,2,2,0,2,2023-03-21:22,23.5,0.0,0.0,0.0,253.3,n,0,0,1005.2,76,1006.0,0,0,0.0,28.2,2023-03-21T22:00:00,1679436000,0.0,24.128,"{'code': 801, 'icon': 'c02n', 'description': 'Few clouds'}",S,south,172,6.92,4.61,0.0,0.0,-0.25396,1.5065
2023-03-22 06:00:00,31.8,2,3,0,1,2023-03-21:23,23.5,0.0,0.0,0.0,253.7,n,0,0,1005.8,76,1006.5,0,0,0.0,28.1,2023-03-21T23:00:00,1679439600,0.0,24.128,"{'code': 801, 'icon': 'c02n', 'description': 'Few clouds'}",S,south,171,6.52,4.45,106.1645,0.0,0.0,1.5708
2023-03-22 07:00:00,31.9,1,5,0,0,2023-03-22:00,23.7,49.4,442.05,108.2,254.1,d,0,0,1006.5,77,1007.0,0,0,100.728,28.1,2023-03-22T00:00:00,1679443200,1.7,24.128,"{'code': 801, 'icon': 'c02d', 'description': 'Few clouds'}",S,south,171,6.12,4.3,1117.6863,0.0,0.25396,1.5065
2023-03-22 08:00:00,34.0,1,5,0,0,2023-03-22:01,22.7,84.13,719.45,362.4,254.1,d,0,0,1007.0,65,1007.5,0,0,338.7443,30.0,2023-03-22T01:00:00,1679446800,2.5,24.128,"{'code': 801, 'icon': 'c02d', 'description': 'Few clouds'}",S,south,182,5.15,3.88,2741.6204,0.0,0.50677,1.43295
2023-03-22 09:00:00,35.3,1,5,0,0,2023-03-22:02,21.5,104.57,842.85,614.11,254.0,d,0,0,1007.5,54,1008.0,0,0,577.4759,31.9,2023-03-22T02:00:00,1679450400,4.4,24.128,"{'code': 801, 'icon': 'c02d', 'description': 'Few clouds'}",SSW,south-southwest,193,4.19,3.46,4070.7629,0.0,0.75652,1.33499
2023-03-22 10:00:00,35.7,1,5,0,0,2023-03-22:03,19.1,117.68,910.18,826.72,254.0,d,0,0,1008.0,42,1008.5,0,0,783.8361,33.8,2023-03-22T03:00:00,1679454000,6.9,24.128,"{'code': 801, 'icon': 'c02d', 'description': 'Few clouds'}",SSW,south-southwest,204,3.22,3.04,5686.2661,0.0,0.99849,1.17642
2023-03-22 11:00:00,36.9,1,3,0,0,2023-03-22:04,18.1,125.61,947.12,977.73,254.1,d,0,0,1007.0,36,1007.5,0,0,930.35126,35.5,2023-03-22T04:00:00,1679457600,9.8,24.128,"{'code': 800, 'icon': 'c01d', 'description': 'Clear Sky'}",SSW,south-southwest,203,3.29,2.96,6208.0356,0.0,1.21574,0.83979
2023-03-22 12:00:00,37.9,0,2,0,0,2023-03-22:05,16.6,129.22,963.12,1052.78,254.3,d,0,0,1006.0,30,1006.5,0,0,1006.5513,37.1,2023-03-22T05:00:00,1679461200,11.3,24.128,"{'code': 800, 'icon': 'c01d', 'description': 'Clear Sky'}",SSW,south-southwest,202,3.36,2.88,4846.2109,0.0,1.32814,0.0
2023-03-22 13:00:00,38.8,0,0,0,0,2023-03-22:06,14.5,128.86,961.53,1045.05,254.4,d,0,0,1005.0,24,1005.5,0,0,1005.25836,38.8,2023-03-22T06:00:00,1679464800,11.0,24.128,"{'code': 800, 'icon': 'c01d', 'description': 'Clear Sky'}",SSW,south-southwest,201,3.42,2.8,5441.8857,0.0,1.21574,-0.83979
2023-03-22 14:00:00,38.9,0,0,0,0,2023-03-22:07,14.2,124.48,942.04,955.22,252.9,d,0,0,1003.8,23,1004.3,0,0,918.95667,39.1,2023-03-22T07:00:00,1679468400,9.3,24.128,"{'code': 800, 'icon': 'c01d', 'description': 'Clear Sky'}",SSW,south-southwest,192,4.02,3.79,5256.4731,0.0,0.99849,-1.17642
2023-03-22 15:00:00,39.4,0,0,0,0,2023-03-22:08,14.4,115.69,900.48,791.55,251.4,d,0,0,1002.7,23,1003.2,0,0,761.60284,39.4,2023-03-22T08:00:00,1679472000,6.6,24.128,"{'code': 800, 'icon': 'c01d', 'description': 'Clear Sky'}",S,south,183,4.62,4.77,4311.2046,0.0,0.75652,-1.33499
2023-03-22 16:00:00,39.6,0,0,0,0,2023-03-22:09,14.0,101.45,825.57,569.8,249.9,d,0,0,1001.5,22,1002.0,0,0,548.3262,39.7,2023-03-22T09:00:00,1679475600,3.9,24.128,"{'code': 800, 'icon': 'c01d', 'description': 'Clear Sky'}",S,south,173,5.22,5.76,2563.0537,0.0,0.50677,-1.43295
2023-03-22 17:00:00,37.8,0,0,0,0,2023-03-22:10,15.8,79.2,685.74,314.25,250.4,d,0,0,1002.0,28,1002.5,0,0,300.8927,37.4,2023-03-22T10:00:00,1679479200,2.3,24.128,"{'code': 800, 'icon': 'c01d', 'description': 'Clear Sky'}",S,south,173,6.38,6.08,604.8219,0.0,0.25396,-1.5065
2023-03-22 18:00:00,35.7,1,0,0,1,2023-03-22:11,16.9,39.59,345.01,67.08,250.9,d,0,0,1002.5,34,1003.0,0,0,64.02002,35.1,2023-03-22T11:00:00,1679482800,1.8,24.128,"{'code': 800, 'icon': 'c01d', 'description': 'Clear Sky'}",S,south,173,7.54,6.39,10.8524,0.0,0.0,-1.5708
2023-03-22 19:00:00,33.4,1,0,0,1,2023-03-22:12,17.4,0.0,0.0,0.0,251.4,n,0,0,1003.0,40,1003.5,0,0,0.0,32.8,2023-03-22T12:00:00,1679486400,0.0,24.128,"{'code': 800, 'icon': 'c01n', 'description': 'Clear Sky'}",S,south,172,8.7,6.7,0.0,0.0,-0.25396,-1.5065
2023-03-22 20:00:00,33.4,1,0,0,1,2023-03-22:13,19.4,0.0,0.0,0.0,251.8,n,0,0,1004.0,48,1004.5,0,0,0.0,31.7,2023-03-22T13:00:00,1679490000,0.0,24.128,"{'code': 800, 'icon': 'c01n', 'description': 'Clear Sky'}",S,south,181,9.24,6.73,0.0,0.0,-0.50677,-1.43295
2023-03-22 21:00:00,33.2,0,0,0,0,2023-03-22:14,20.9,0.0,0.0,0.0,252.2,n,0,0,1005.0,56,1005.5,0,0,0.0,30.6,2023-03-22T14:00:00,1679493600,0.0,24.128,"{'code': 800, 'icon': 'c01n', 'description': 'Clear Sky'}",S,south,189,9.78,6.75,0.0,0.0,-0.75652,-1.33499
2023-03-22 22:00:00,32.6,0,0,0,0,2023-03-22:15,21.8,0.0,0.0,0.0,252.6,n,0,0,1006.0,63,1006.5,0,0,0.0,29.6,2023-03-22T15:00:00,1679497200,0.0,24.128,"{'code': 800, 'icon': 'c01n', 'description': 'Clear Sky'}",SSW,south-southwest,198,10.31,6.78,0.0,0.0,-0.99849,-1.17642
2023-03-22 23:00:00,32.7,0,0,0,0,2023-03-22:16,22.3,0.0,0.0,0.0,252.6,n,0,0,1005.8,66,1006.3,0,0,0.0,29.4,2023-03-22T16:00:00,1679500800,0.0,24.128,"{'code': 800, 'icon': 'c01n', 'description': 'Clear Sky'}",SSW,south-southwest,193,10.01,6.39,0.0,0.0,-1.21574,-0.83979
2023-03-23 00:00:00,32.8,0,0,0,0,2023-03-22:17,22.8,0.0,0.0,0.0,252.5,n,0,0,1005.7,69,1006.2,0,0,0.0,29.1,2023-03-22T17:00:00,1679504400,0.0,24.128,"{'code': 800, 'icon': 'c01n', 'description': 'Clear Sky'}",S,south,188,9.71,6.01,0.0,0.00705,-1.3211,0.0
2023-03-23 01:00:00,32.7,0,0,0,0,2023-03-22:18,23.1,0.0,0.0,0.0,252.5,n,0,0,1005.5,71,1006.0,0,0,0.0,28.9,2023-03-22T18:00:00,1679508000,0.0,24.128,"{'code': 800, 'icon': 'c01n', 'description': 'Clear Sky'}",S,south,183,9.41,5.62,0.0,0.00705,-1.21084,0.82533
2023-03-23 02:00:00,32.7,0,0,0,0,2023-03-22:19,23.4,0.0,0.0,0.0,253.9,n,0,0,1005.3,73,1005.8,0,0,0.0,28.7,2023-03-22T19:00:00,1679511600,0.0,24.128,"{'code': 800, 'icon': 'c01n', 'description': 'Clear Sky'}",S,south,178,8.78,5.37,0.0,0.00705,-0.99533,1.16482
2023-03-23 03:00:00,32.5,0,1,0,0,2023-03-22:20,23.5,0.0,0.0,0.0,255.3,n,0,0,1005.2,74,1005.7,0,0,0.0,28.6,2023-03-22T20:00:00,1679515200,0.0,24.128,"{'code': 800, 'icon': 'c01n', 'description': 'Clear Sky'}",S,south,172,8.14,5.12,0.0,0.00705,-0.75417,1.32586
2023-03-23 04:00:00,32.2,0,1,0,0,2023-03-22:21,23.5,0.0,0.0,0.0,256.8,n,0,0,1005.0,75,1005.5,0,0,0.0,28.4,2023-03-22T21:00:00,1679518800,0.0,24.128,"{'code': 800, 'icon': 'c01n', 'description': 'Clear Sky'}",SSE,south-southeast,166,7.5,4.87,0.0,0.00705,-0.50482,1.42521
2023-03-23 05:00:00,32.2,0,1,0,0,2023-03-22:22,23.5,0.0,0.0,0.0,256.9,n,0,0,1005.7,75,1006.2,0,0,0.0,28.4,2023-03-22T22:00:00,1679522400,0.0,24.128,"{'code': 800, 'icon': 'c01n', 'description': 'Clear Sky'}",SSE,south-southeast,167,6.63,4.39,0.0,0.00705,-0.2522,1.49946
2023-03-23 06:00:00,32.1,0,0,0,0,2023-03-22:23,23.5,0.0,0.0,0.0,257.1,n,0,0,1006.3,75,1006.8,0,0,0.0,28.4,2023-03-22T23:00:00,1679526000,0.0,24.128,"{'code': 800, 'icon': 'c01n', 'description': 'Clear Sky'}",SSE,south-southeast,168,5.77,3.9,80.9001,0.00705,0.00169,1.56396
2023-03-23 07:00:00,32.1,0,0,0,0,2023-03-23:00,23.5,49.93,447.06,110.83,257.3,d,0,0,1007.0,75,1007.5,0,0,103.25764,28.3,2023-03-23T00:00:00,1679529600,1.7,24.128,"{'code': 800, 'icon': 'c01d', 'description': 'Clear Sky'}",S,south,169,4.9,3.42,1036.8044,0.00705,0.2557,1.51356
2023-03-23 08:00:00,33.9,0,1,0,0,2023-03-23:01,22.4,84.39,721.06,365.3,256.8,d,0,0,1007.7,63,1008.2,0,0,341.94067,30.2,2023-03-23T01:00:00,1679533200,2.5,24.128,"{'code': 800, 'icon': 'c01d', 'description': 'Clear Sky'}",S,south,181,4.38,3.23,2792.7654,0.00705,0.50869,1.44071
2023-03-23 09:00:00,34.8,1,3,0,0,2023-03-23:02,20.7,104.72,843.51,616.84,256.4,d,0,0,1008.3,51,1008.8,0,0,581.2795,32.1,2023-03-23T02:00:00,1679536800,4.4,24.128,"{'code': 800, 'icon': 'c01d', 'description': 'Clear Sky'}",SSW,south-southwest,194,3.85,3.04,4214.5308,0.00705,0.75882,1.34415
2023-03-23 10:00:00,35.1,1,4,0,0,2023-03-23:03,18.1,117.77,910.42,829.09,256.0,d,0,0,1009.0,39,1009.5,0,0,788.37286,34.0,2023-03-23T03:00:00,1679540400,7.0,24.128,"{'code': 801, 'icon': 'c02d', 'description': 'Few clouds'}",SSW,south-southwest,206,3.33,2.85,6069.3291,0.00705,1.00158,1.18814
2023-03-23 11:00:00,36.3,1,4,0,0,2023-03-23:04,16.9,125.66,947.12,979.67,255.6,d,0,0,1007.8,33,1008.5,0,0,935.83234,35.6,2023-03-23T04:00:00,1679544000,9.8,24.128,"{'code': 801, 'icon': 'c02d', 'description': 'Few clouds'}",SW,southwest,216,3.36,2.81,6556.5898,0.00705,1.22058,0.85463
2023-03-23 12:00:00,37.1,1,5,0,0,2023-03-23:05,14.6,129.25,962.98,1054.28,255.3,d,0,0,1006.7,26,1007.5,0,0,1013.0768,37.3,2023-03-23T05:00:00,1679547600,11.3,24.128,"{'code': 801, 'icon': 'c02d', 'description': 'Few clouds'}",SW,southwest,226,3.39,2.76,5687.0044,0.00705,1.33519,0.0
2023-03-23 13:00:00,37.9,1,5,0,0,2023-03-23:06,11.9,128.86,961.31,1046.12,254.9,d,0,0,1005.5,20,1006.5,0,0,1012.7102,38.9,2023-03-23T06:00:00,1679551200,11.0,24.128,"{'code': 801, 'icon': 'c02d', 'description': 'Few clouds'}",SW,southwest,236,3.42,2.72,6623.4756,0.00705,1.22058,-0.85463
2023-03-23 14:00:00,38.2,1,5,0,0,2023-03-23:07,11.5,124.48,941.78,955.94,254.7,d,0,0,1004.3,19,1005.2,0,0,925.2446,39.4,2023-03-23T07:00:00,1679554800,9.3,24.128,"{'code': 801, 'icon': 'c02d', 'description': 'Few clouds'}",SW,southwest,223,3.69,2.95,5691.1748,0.00705,1.00158,-1.18814
2023-03-23 15:00:00,38.8,1,5,0,0,2023-03-23:08,11.8,115.68,900.21,792.01,254.5,d,0,0,1003.2,19,1003.8,0,0,766.4498,39.8,2023-03-23T08:00:00,1679558400,6.6,24.128,"{'code': 801, 'icon': 'c02d', 'description': 'Few clouds'}",SSW,south-southwest,210,3.96,3.18,4272.9937,0.00705,0.75882,-1.34415
2023-03-23 16:00:00,39.4,1,5,0,0,2023-03-23:09,12.2,101.44,825.35,570.12,254.4,d,0,0,1002.0,19,1002.5,0,0,551.6347,40.2,2023-03-23T09:00:00,1679562000,3.8,24.128,"{'code': 801, 'icon': 'c02d', 'description': 'Few clouds'}",SSW,south-southwest,197,4.23,3.41,2513.1555,0.00705,0.50869,-1.44071
2023-03-23 17:00:00,37.9,1,3,0,0,2023-03-23:10,14.1,79.2,685.68,314.53,254.3,d,0,0,1002.3,24,1002.8,0,0,302.69812,38.2,2023-03-23T10:00:00,1679565600,2.3,24.128,"{'code': 800, 'icon': 'c01d', 'description': 'Clear Sky'}",S,south,186,5.26,4.14,807.8806,0.00705,0.2557,-1.51356
2023-03-23 18:00:00,36.2,0,2,0,0,2023-03-23:11,15.3,39.65,345.7,67.35,254.1,d,0,0,1002.7,29,1003.2,0,0,64.56349,36.2,2023-03-23T11:00:00,1679569200,1.8,24.128,"{'code': 800, 'icon': 'c01d', 'description': 'Clear Sky'}",S,south,175,6.28,4.87,43.5703,0.00705,0.00169,-1.56396
2023-03-23 19:00:00,34.5,0,0,0,0,2023-03-23:12,16.5,0.0,0.0,0.0,254.0,n,0,0,1003.0,35,1003.5,0,0,0.0,34.2,2023-03-23T12:00:00,1679572800,0.0,24.128,"{'code': 800, 'icon': 'c01n', 'description': 'Clear Sky'}",SSE,south-southeast,163,7.3,5.6,0.0,0.00705,-0.2522,-1.49946
2023-03-23 20:00:00,33.9,0,0,0,0,2023-03-23:13,18.2,0.0,0.0,0.0,253.8,n,0,0,1004.0,42,1004.7,0,0,0.0,32.8,2023-03-23T13:00:00,1679576400,0.0,24.128,"{'code': 800, 'icon': 'c01n', 'description': 'Clear Sky'}",S,south,172,8.21,6.02,0.0,0.00705,-0.50482,-1.42521
2023-03-23 21:00:00,33.1,0,0,0,0,2023-03-23:14,19.4,0.0,0.0,0.0,253.6,n,0,0,1005.0,49,1005.8,0,0,0.0,31.4,2023-03-23T14:00:00,1679580000,0.0,24.128,"{'code': 800, 'icon': 'c01n', 'description': 'Clear Sky'}",S,south,180,9.11,6.44,0.0,0.00705,-0.75417,-1.32586
2023-03-23 22:00:00,32.1,0,0,0,0,2023-03-23:15,20.3,0.0,0.0,0.0,253.4,n,0,0,1006.0,56,1007.0,0,0,0.0,30.0,2023-03-23T15:00:00,1679583600,0.0,24.128,"{'code': 800, 'icon': 'c01n', 'description': 'Clear Sky'}",S,south,188,10.01,6.86,0.0,0.00705,-0.99533,-1.16482
2023-03-23 23:00:00,32.2,0,0,0,0,2023-03-23:16,20.9,0.0,0.0,0.0,253.6,n,0,0,1006.0,59,1006.8,0,0,0.0,29.7,2023-03-23T16:00:00,1679587200,0.0,24.128,"{'code': 800, 'icon': 'c01n', 'description': 'Clear Sky'}",S,south,186,9.17,6.33,0.0,0.00705,-1.21084,-0.82533
2023-03-24 00:00:00,32.2,0,1,0,0,2023-03-23:17,21.4,0.0,0.0,0.0,253.8,n,0,0,1006.0,62,1006.7,0,0,0.0,29.5,2023-03-23T17:00:00,1679590800,0.0,24.128,"{'code': 800, 'icon': 'c01n', 'description': 'Clear Sky'}",S,south,185,8.34,5.79,0.0,0.01409,-1.31406,0.0
2023-03-24 01:00:00,32.0,0,1,0,0,2023-03-23:18,21.7,0.0,0.0,0.0,254.0,n,0,0,1006.0,64,1006.5,0,0,0.0,29.2,2023-03-23T18:00:00,1679594400,0.0,24.128,"{'code': 800, 'icon': 'c01n', 'description': 'Clear Sky'}",S,south,183,7.5,5.26,0.0,0.01409,-1.20587,0.81126
2023-03-24 02:00:00,32.0,1,2,0,0,2023-03-23:19,22.2,0.0,0.0,0.0,254.0,n,0,0,1005.8,67,1006.3,0,0,0.0,28.9,2023-03-23T19:00:00,1679598000,0.0,24.128,"{'code': 800, 'icon': 'c01n', 'description': 'Clear Sky'}",S,south,182,7.01,4.91,0.0,0.01409,-0.99212,1.15334
2023-03-24 03:00:00,31.8,1,4,0,0,2023-03-23:20,22.4,0.0,0.0,0.0,254.0,n,0,0,1005.7,69,1006.2,0,0,0.0,28.7,2023-03-23T20:00:00,1679601600,0.0,24.128,"{'code': 800, 'icon': 'c01n', 'description': 'Clear Sky'}",S,south,180,6.51,4.55,0.0,0.01409,-0.75178,1.31678
2023-03-24 04:00:00,31.8,1,5,0,0,2023-03-23:21,22.9,0.0,0.0,0.0,254.0,n,0,0,1005.5,72,1006.0,0,0,0.0,28.4,2023-03-23T21:00:00,1679605200,0.0,24.128,"{'code': 801, 'icon': 'c02n', 'description': 'Few clouds'}",S,south,178,6.02,4.2,0.0,0.01409,-0.50284,1.41749
2023-03-24 05:00:00,31.7,1,5,0,0,2023-03-23:22,23.0,0.0,0.0,0.0,254.6,n,0,0,1006.2,73,1006.8,0,0,0.0,28.3,2023-03-23T22:00:00,1679608800,0.0,24.128,"{'code': 801, 'icon': 'c02n', 'description': 'Few clouds'}",S,south,189,5.38,3.75,0.0,0.01409,-0.25044,1.49242
2023-03-24 06:00:00,31.6,1,5,0,0,2023-03-23:23,23.1,0.0,0.0,0.0,255.3,n,0,0,1006.8,74,1007.7,0,0,0.0,28.2,2023-03-23T23:00:00,1679612400,0.0,24.128,"{'code': 801, 'icon': 'c02n', 'description': 'Few clouds'}",SSW,south-southwest,200,4.74,3.3,86.9829,0.01409,0.00338,1.55712
2023-03-24 07:00:00,31.5,1,5,0,0,2023-03-24:00,23.2,50.45,451.97,113.47,255.9,d,0,0,1007.5,75,1008.5,0,0,105.833595,28.1,2023-03-24T00:00:00,1679616000,1.7,24.128,"{'code': 801, 'icon': 'c02d', 'description': 'Few clouds'}",SSW,south-southwest,211,4.1,2.85,916.4664,0.01409,0.25743,1.52061
2023-03-24 08:00:00,33.0,1,3,0,0,2023-03-24:01,21.6,84.64,722.64,368.19,256.3,d,0,0,1008.0,61,1009.0,0,0,345.92786,30.0,2023-03-24T01:00:00,1679619600,2.6,24.128,"{'code': 800, 'icon': 'c01d', 'description': 'Clear Sky'}",SW,southwest,219,3.84,2.87,2089.8423,0.01409,0.51059,1.44848
2023-03-24 09:00:00,33.2,0,2,0,0,2023-03-24:02,18.8,104.87,844.15,619.52,256.6,d,0,0,1008.5,46,1009.5,0,0,587.83374,31.9,2023-03-24T02:00:00,1679623200,4.5,24.128,"{'code': 800, 'icon': 'c01d', 'description': 'Clear Sky'}",SW,southwest,227,3.58,2.9,4572.9873,0.01409,0.76109,1.35335
2023-03-24 10:00:00,33.3,0,0,0,0,2023-03-24:03,14.8,117.86,910.64,831.41,257.0,d,0,0,1009.0,32,1010.0,0,0,799.0386,33.8,2023-03-24T03:00:00,1679626800,7.1,24.128,"{'code': 800, 'icon': 'c01d', 'description': 'Clear Sky'}",SW,southwest,235,3.31,2.92,5507.1084,0.01409,1.00462,1.19996
2023-03-24 11:00:00,34.5,0,0,0,0,2023-03-24:04,13.5,125.71,947.11,981.55,256.4,d,0,0,1008.0,27,1008.8,0,0,945.3582,35.3,2023-03-24T04:00:00,1679630400,9.8,24.128,"{'code': 800, 'icon': 'c01d', 'description': 'Clear Sky'}",SW,southwest,222,3.39,2.94,6264.7266,0.01409,1.22534,0.86986
2023-03-24 12:00:00,35.9,0,0,0,0,2023-03-24:05,12.4,129.27,962.84,1055.71,255.8,d,0,0,1007.0,23,1007.7,0,0,1019.7319,36.9,2023-03-24T05:00:00,1679634000,11.4,24.128,"{'code': 800, 'icon': 'c01d', 'description': 'Clear Sky'}",SSW,south-southwest,208,3.46,2.95,6155.5396,0.01409,1.34223,0.0
2023-03-24 13:00:00,37.1,0,0,0,0,2023-03-24:06,10.8,128.86,961.08,1047.14,255.1,d,0,0,1006.0,19,1006.5,0,0,1015.24554,38.5,2023-03-24T06:00:00,1679637600,11.1,24.128,"{'code': 800, 'icon': 'c01d', 'description': 'Clear Sky'}",SSW,south-southwest,195,3.53,2.97,5568.9448,0.01409,1.22534,-0.86986
2023-03-24 14:00:00,37.0,0,1,0,0,2023-03-24:07,13.0,124.46,941.51,956.61,254.9,d,0,0,1006.1,23,1006.6,0,0,923.489,37.7,2023-03-24T07:00:00,1679641200,9.4,24.128,"{'code': 800, 'icon': 'c01d', 'description': 'Clear Sky'}",SSW,south-southwest,194,3.92,3.17,5062.4663,0.01409,1.00462,-1.19996
2023-03-24 15:00:00,36.6,0,2,0,0,2023-03-24:08,14.3,115.66,899.93,792.43,254.6,d,0,0,1006.2,26,1006.7,0,0,762.0157,36.9,2023-03-24T08:00:00,1679644800,6.6,24.128,"{'code': 800, 'icon': 'c01d', 'description': 'Clear Sky'}",SSW,south-southwest,192,4.31,3.37,4141.4067,0.01409,0.76109,-1.35335
2023-03-24 16:00:00,36.4,1,3,0,0,2023-03-24:09,15.8,101.43,825.12,570.39,254.4,d,0,0,1006.3,30,1006.8,0,0,546.5731,36.1,2023-03-24T09:00:00,1679648400,4.0,24.128,"{'code': 800, 'icon': 'c01d', 'description': 'Clear Sky'}",S,south,191,4.71,3.56,2525.0273,0.01409,0.51059,-1.44848
2023-03-24 17:00:00,35.9,1,4,0,0,2023-03-24:10,16.6,79.2,685.61,314.77,254.2,d,0,0,1006.3,33,1006.8,0,0,300.67807,35.4,2023-03-24T10:00:00,1679652000,2.3,24.128,"{'code': 800, 'icon': 'c01d', 'description': 'Clear Sky'}",S,south,190,5.1,3.76,796.8341,0.01409,0.25743,-1.52061
2023-03-24 18:00:00,35.6,1,5,0,0,2023-03-24:11,17.7,39.71,346.35,67.61,253.9,d,0,0,1006.4,37,1006.9,0,0,64.402374,34.5,2023-03-24T11:00:00,1679655600,1.8,24.128,"{'code': 801, 'icon': 'c02d', 'description': 'Few clouds'}",S,south,189,5.49,3.96,34.5559,0.01409,0.00338,-1.55712
2023-03-24 19:00:00,35.0,1,5,0,0,2023-03-24:12,18.3,0.0,0.0,0.0,253.7,n,0,0,1006.5,40,1007.0,0,0,0.0,33.8,2023-03-24T12:00:00,1679659200,0.0,24.128,"{'code': 801, 'icon': 'c02n', 'description': 'Few clouds'}",S,south,187,5.88,4.16,0.0,0.01409,-0.25044,-1.49242
2023-03-24 20:00:00,34.6,2,6,0,0,2023-03-24:13,19.1,0.0,0.0,0.0,253.4,n,0,0,1006.6,44,1007.1,0,0,0.0,33.0,2023-03-24T13:00:00,1679662800,0.0,24.128,"{'code': 801, 'icon': 'c02n', 'description': 'Few clouds'}",S,south,186,6.27,4.35,0.0,0.01409,-0.50284,-1.41749
2023-03-24 21:00:00,34.0,2,7,0,0,2023-03-24:14,19.4,0.0,0.0,0.0,253.2,n,0,0,1006.7,47,1007.2,0,0,0.0,32.2,2023-03-24T14:00:00,1679666400,0.0,24.128,"{'code': 801, 'icon': 'c02n', 'description': 'Few clouds'}",S,south,185,6.67,4.55,0.0,0.01409,-0.75178,-1.31678
2023-03-24 22:00:00,33.5,2,8,0,0,2023-03-24:15,20.0,0.0,0.0,0.0,253.0,n,0,0,1006.8,51,1007.3,0,0,0.0,31.4,2023-03-24T15:00:00,1679670000,0.0,24.128,"{'code': 801, 'icon': 'c02n', 'description': 'Few clouds'}",S,south,184,7.06,4.75,0.0,0.01409,-0.99212,-1.15334
